,variance
HILICZ_positive|IK:CZDNLUMNELLDDD-QZFWYPLZSA-N,4.023749299336667e+16
HILICZ_positive|NAME:,1.8595545687576988e+16
HILICZ_positive|IK:KWIUHFFTVRNATP-UHFFFAOYSA-N,1.3687308168466428e+16
HILICZ_negative|IK:FBPFZTCFMRRESA-KVTDHHQDSA-N,9879457386842168.0
HILICZ_negative|IK:FBPFZTCFMRRESA-GUCUJZIJSA-N,4585364336559402.0
HILICZ_negative|IK:HDTRYLNUVZCQOY-LIZSDCNHSA-N,3094407420311298.5
HILICZ_positive|IK:OIRDTQYFTABQOQ-KQYNXXCUSA-N,3068358353061167.0
HILICZ_negative|IK:IJFXRHURBJZNAO-UHFFFAOYSA-N,2927074870745850.0
HILICZ_positive|IK:CZMRCDWAGMRECN-UGDNZRGBSA-N,2674906500764221.5
C18_positive|IK:CZDNLUMNELLDDD-QZFWYPLZSA-N,1925033090590622.5
HILICZ_negative|IK:CZMRCDWAGMRECN-UGDNZRGBSA-N,1775871103863194.8
HILICZ_positive|IK:GFFGJBXGBJISGV-UHFFFAOYSA-N,1750300154525886.5
C18_negative|IK:CZDNLUMNELLDDD-QZFWYPLZSA-N,1309330243560952.8
HILICZ_negative|NAME:,1277172039730595.2
HILICZ_positive|IK:HUMNYLRZRPPJDN-UHFFFAOYSA-N,1269354936536338.5
HILICZ_negative|IK:KRKNYBCHXYNGOX-UHFFFAOYSA-N,1208880780839227.0
HILICZ_negative|IK:HEBKCHPVOIAQTA-IMJSIDKUSA-N,856940473016549.1
HILICZ_negative|IK:FGSBNBBHOZHUBO-UHFFFAOYSA-N,803820263322186.0
C18_positive|NAME:,695237245741948.6
HILICZ_positive|IK:YNBADRVTZLEFNH-UHFFFAOYSA-N,564038756153384.2
HILICZ_positive|IK:RGHHSNMVTDWUBI-UHFFFAOYSA-N,527493243970161.06
C18_negative|NAME:,481861786512149.9
HILICZ_negative|IK:SLWWJZMPHJJOPH-PHDIDXHHSA-N,427613800215581.1
HILICZ_negative|IK:AAWZDTNXLSGCEK-LNVDRNJUSA-N,354352395226233.25
C18_negative|IK:NGFMICBWJRZIBI-UHFFFAOYSA-N,207641944029967.66
HILICZ_negative|IK:FTVWIRXFELQLPI-ZDUSSCGKSA-N,200773043023086.72
HILICZ_positive|IK:OLXZPDWKRNYJJZ-UHFFFAOYSA-N,161163513552701.9
C18_positive|IK:UAUDZVJPLUQNMU-KTKRTIGZSA-N,149306727331510.03
C18_positive|IK:RGHHSNMVTDWUBI-UHFFFAOYSA-N,140675246560635.44
HILICZ_positive|IK:OPTASPLRGRRNAP-UHFFFAOYSA-N,136709587345205.0
C18_positive|IK:XEAQIWGXBXCYFX-UHFFFAOYSA-N,111850280961659.28
HILICZ_negative|IK:CDAISMWEOUEBRE-UHFFFAOYSA-N,94325137646435.86
HILICZ_negative|IK:PFTAWBLQPZVEMU-UHFFFAOYSA-N,90058547614459.4
HILICZ_negative|IK:JVQYSWDUAOAHFM-UHFFFAOYSA-N,70755263471709.47
HILICZ_negative|IK:LCTONWCANYUPML-UHFFFAOYSA-N,70343974935220.695
HILICZ_positive|IK:LOIYMIARKYCTBW-OWOJBTEDSA-N,70153689793340.97
C18_negative|IK:OKUXNMMTKMWVBG-BFMVXSJESA-N,67880761479268.53
C18_positive|IK:OKVJCVWFVRATSG-UHFFFAOYSA-N,66589406654244.09
C18_positive|IK:CZMRCDWAGMRECN-UGDNZRGBSA-N,59055420947097.836
C18_negative|IK:YGSDEFSMJLZEOE-UHFFFAOYSA-N,56584284544715.414
C18_negative|IK:FJKROLUGYXJWQN-UHFFFAOYSA-N,56476938380897.58
C18_positive|IK:WQZGKKKJIJFFOK-PHYPRBDBSA-N,55970118022887.8
HILICZ_negative|IK:KCOOTJRKKIDHTM-UHFFFAOYSA-N,55925741645124.26
HILICZ_positive|IK:XEAQIWGXBXCYFX-UHFFFAOYSA-N,54088813140119.234
HILICZ_negative|IK:KDYFGRWQOYBRFD-UHFFFAOYSA-N,53995375378495.12
HILICZ_positive|IK:NTYJJOPFIAHURM-UHFFFAOYSA-N,47710917267253.49
C18_positive|IK:ZEYHEAKUIGZSGI-UHFFFAOYSA-N,43154000557125.93
HILICZ_negative|IK:BJEPYKJPYRNKOW-UWTATZPHSA-N,41949891748699.28
HILICZ_negative|IK:BJRNKVDFDLYUGJ-UHFFFAOYSA-N,38719057209339.95
HILICZ_negative|IK:GHOKWGTUZJEAQD-UHFFFAOYSA-N,37686997265670.62
HILICZ_negative|IK:OKVJCVWFVRATSG-UHFFFAOYSA-N,36780716580491.22
HILICZ_positive|IK:CDRPUGZCRXZLFL-UHFFFAOYSA-N,33772762662203.85
HILICZ_positive|IK:OLXZPDWKRNYJJZ-RRKCRQDMSA-N,33755271384901.277
C18_positive|IK:BJHIKXHVCXFQLS-PQLUHFTBSA-N,33402682447522.06
C18_negative|IK:BJEPYKJPYRNKOW-REOHCLBHSA-N,33233231297722.277
HILICZ_positive|IK:UYTPUPDQBNUYGX-UHFFFAOYSA-N,29845721625092.066
HILICZ_positive|IK:NJMQSVWMCODQIP-FQXXIRCGSA-N,28143268222543.734
HILICZ_positive|IK:FVXDQWZBHIXIEJ-LNDKUQBDSA-N,25638301159025.0
HILICZ_negative|IK:ODHCTXKNWHHXJC-UHFFFAOYSA-N,24685369384908.145
HILICZ_negative|IK:AKEUNCKRJATALU-UHFFFAOYSA-N,24521778289907.355
HILICZ_positive|IK:MWAYRGBWOVHDDZ-UHFFFAOYSA-N,24087870093793.242
C18_negative|IK:CZMRCDWAGMRECN-UGDNZRGBSA-N,19668837458694.633
HILICZ_negative|IK:NGFMICBWJRZIBI-UHFFFAOYSA-N,19409600564884.94
C18_positive|IK:SHGAZHPCJJPHSC-UHFFFAOYSA-N,18954072194698.887
HILICZ_negative|IK:VZCYOOQTPOCHFL-UPHRSURJSA-N,18019242266638.52
C18_negative|IK:RHBSLIMVGWKFQW-UHFFFAOYSA-N,17294807225666.121
C18_negative|IK:GUBGYTABKSRVRQ-QUYVBRFLSA-N,16946585612612.783
HILICZ_positive|IK:COLNVLDHVKWLRT-QMMMGPOBSA-N,16851568625668.441
HILICZ_negative|IK:BJHIKXHVCXFQLS-PQLUHFTBSA-N,16534528549387.674
C18_negative|IK:IJFXRHURBJZNAO-UHFFFAOYSA-N,15898382788386.348
C18_negative|IK:SMUMBCREXHTKFN-VZOUQOBNSA-N,15628448046973.965
HILICZ_negative|IK:KMQUGCQVIDIVLT-CKNMYDPISA-N,15608157042394.562
HILICZ_negative|IK:WCGUUGGRBIKTOS-GPOJBZKASA-N,15402071257165.076
HILICZ_positive|IK:OTBHHUPVCYLGQO-UHFFFAOYSA-N,15119172161696.148
C18_positive|IK:ZUUPZDSDPDQRJK-VXPJCVMDSA-N,14761030994418.605
C18_positive|IK:FLROYCKIIJCTDY-BFMVXSJESA-N,14414618300020.674
HILICZ_negative|IK:RHBSLIMVGWKFQW-UHFFFAOYSA-N,14308827134446.951
HILICZ_negative|IK:YCIMNLLNPGFGHC-UHFFFAOYSA-N,13991020120468.91
HILICZ_positive|IK:UHDGCWIWMRVCDJ-XVFCMESISA-N,12895288930567.941
HILICZ_positive|IK:UAUDZVJPLUQNMU-KTKRTIGZSA-N,12582002626815.16
HILICZ_negative|IK:OKJIRPAQVSHGFK-UHFFFAOYSA-N,12209127089508.018
C18_negative|IK:WJAOHEPEBANKEO-UHFFFAOYSA-N,12136845407376.373
HILICZ_positive|IK:UWHCKJMYHZGTIT-UHFFFAOYSA-N,11149339165282.229
HILICZ_positive|IK:ODKSFYDXXFIFQN-BYPYZUCNSA-N,10954061950791.195
HILICZ_positive|IK:JHAXQRDTTACRKJ-FQDDALBOSA-N,10926953461661.613
C18_positive|IK:RCFGIEPQSDGMJJ-UHFFFAOYSA-N,10437910459251.629
C18_negative|IK:NJRLDXGREKHXGV-IVABAYMNSA-N,10066773863140.383
HILICZ_positive|IK:MSWZFWKMSRAUBD-UHFFFAOYSA-N,9879788709575.27
C18_negative|IK:LWYJCVVIVLBLID-UHFFFAOYSA-N,9654920811513.074
HILICZ_positive|IK:MMOXZBCLCQITDF-UHFFFAOYSA-N,9507021001876.086
HILICZ_positive|IK:KDJVHSVOXOZBDR-UHFFFAOYSA-N,9489315079033.34
C18_positive|IK:NGFMICBWJRZIBI-UHFFFAOYSA-N,9368141658633.95
C18_positive|IK:SIKJAQJRHWYJAI-UHFFFAOYSA-N,8687279208495.083
HILICZ_positive|IK:FDGQSTZJBFJUBT-UHFFFAOYSA-N,8578166531735.318
HILICZ_negative|IK:DRTQHJPVMGBUCF-UHFFFAOYSA-N,8511106490654.62
HILICZ_positive|IK:MUPFEKGTMRGPLJ-ZQSKZDJDSA-N,8488010035701.787
HILICZ_positive|IK:WHUUTDBJXJRKMK-VKHMYHEASA-N,7943472721629.854
HILICZ_negative|IK:OXQKEKGBFMQTML-KVTDHHQDSA-N,7728642080052.795
HILICZ_negative|IK:CBQJSKKFNMDLON-UHFFFAOYSA-N,7713019223251.254
HILICZ_negative|IK:SMUMBCREXHTKFN-VZOUQOBNSA-N,7636029369233.823
C18_positive|IK:MDMCODCJMHTFIZ-UHFFFAOYSA-N,7273949734289.782
HILICZ_negative|IK:WXTMDXOMEHJXQO-UHFFFAOYSA-N,7235528934722.781
HILICZ_negative|IK:COLNVLDHVKWLRT-QMMMGPOBSA-N,7043633665165.854
HILICZ_positive|IK:ULSIYEODSMZIPX-UHFFFAOYSA-N,7043158021104.428
C18_positive|IK:WCGUUGGRBIKTOS-UHFFFAOYSA-N,7029847292857.0205
HILICZ_negative|IK:LJCWONGJFPCTTL-ZETCQYMHSA-N,7002700004477.494
C18_positive|IK:MMOXZBCLCQITDF-UHFFFAOYSA-N,6898028804944.589
HILICZ_positive|IK:PUQSUZTXKPLAPR-UJPOAAIJSA-N,6877230734179.579
C18_negative|IK:FBPFZTCFMRRESA-GUCUJZIJSA-N,6774035293296.048
C18_positive|IK:FATBGEAMYMYZAF-KTKRTIGZSA-N,6493814209921.686
HILICZ_positive|IK:SIKJAQJRHWYJAI-UHFFFAOYSA-N,6298320509572.798
HILICZ_negative|IK:VRYALKFFQXWPIH-UHFFFAOYSA-N,6035497879638.682
HILICZ_positive|IK:VAWYEUIPHLMNNF-OESPXIITSA-N,5884264035741.6875
C18_positive|IK:LVFCLUMIBMHAFL-HMUNZLOLSA-N,5864504681314.688
HILICZ_negative|IK:VZCYOOQTPOCHFL-OWOJBTEDSA-N,5741400251416.74
HILICZ_negative|IK:WHBMMWSBFZVSSR-GSVOUGTGSA-N,5676191395850.193
C18_positive|IK:NJMQSVWMCODQIP-FQXXIRCGSA-N,5228602730441.974
HILICZ_negative|IK:RYWDJUUPROVLNV-LXFHESFISA-N,5114054069638.645
HILICZ_negative|IK:ZBCATMYQYDCTIZ-UHFFFAOYSA-N,5037494190980.11
HILICZ_negative|IK:KQBFNIVRWYGXRN-QJMXJWGSSA-N,5010428752199.121
C18_positive|IK:CDRPUGZCRXZLFL-UHFFFAOYSA-N,5008823487127.029
C18_negative|IK:ROJOJPXRGHLGTC-UHFFFAOYSA-N,4925481977616.576
HILICZ_negative|IK:ROJOJPXRGHLGTC-UHFFFAOYSA-N,4844319267110.522
C18_negative|IK:KRKNYBCHXYNGOX-UHFFFAOYSA-N,4781682749087.655
C18_positive|IK:VQTDPCRSXHFMOL-UHFFFAOYSA-N,4749628703971.842
HILICZ_negative|IK:WHUUTDBJXJRKMK-VKHMYHEASA-N,4658767327425.119
HILICZ_positive|IK:ZTNYRNGTBAGYIZ-QXMHVHEDSA-N,4598137599367.059
C18_negative|IK:DLRVVLDZNNYCBX-ABXHMFFYSA-N,4501035491530.728
HILICZ_positive|IK:RYVGWQDLAVSRHO-UHFFFAOYSA-N,4406781518242.543
HILICZ_negative|IK:IAVREABSGIHHMO-UHFFFAOYSA-N,4390531130302.0303
C18_positive|IK:KZSNJWFQEVHDMF-BYPYZUCNSA-N,4298393056619.362
HILICZ_negative|IK:DCXYFEDJOCDNAF-REOHCLBHSA-N,4166592719168.2627
HILICZ_positive|IK:CKTSBUTUHBMZGZ-SHYZEUOFSA-N,4133156785063.605
HILICZ_positive|IK:HDTRYLNUVZCQOY-LIZSDCNHSA-N,4035737156379.462
HILICZ_positive|IK:SIOXPEMLGUPBBT-UHFFFAOYSA-N,3759778577064.524
HILICZ_negative|IK:CDRPUGZCRXZLFL-UHFFFAOYSA-N,3716939347095.886
C18_positive|IK:HHSKNLJWHGXWPK-BFMVXSJESA-N,3697551407697.084
HILICZ_positive|IK:FORFDCPQKJHEBF-VPUSDGANSA-N,3628110434029.5073
HILICZ_positive|IK:GHOKWGTUZJEAQD-UHFFFAOYSA-N,3532352610644.755
HILICZ_negative|IK:GCFBQCLCBDJAGR-UHFFFAOYSA-N,3484251762739.3535
HILICZ_negative|IK:WJAOHEPEBANKEO-UHFFFAOYSA-N,3481875269639.336
HILICZ_negative|IK:BJRNKVDFDLYUGJ-RMPHRYRLSA-N,3333886308873.709
HILICZ_positive|IK:WKOLLVMJNQIZCI-UHFFFAOYSA-N,3086434485062.7373
HILICZ_positive|IK:RGHMISIYKIHAJW-UHFFFAOYSA-N,3077539482089.573
HILICZ_negative|IK:MUPFEKGTMRGPLJ-BQCSWRFHSA-N,3040240949651.9893
C18_negative|IK:KHQBUXVQVFVJTF-UHFFFAOYSA-N,2999167244671.191
C18_positive|IK:KKVZAVRSVHUSPL-GQCTYLIASA-N,2924703137287.812
HILICZ_positive|IK:KQBFNIVRWYGXRN-QJMXJWGSSA-N,2872544334320.0776
HILICZ_negative|IK:DLIKSSGEMUFQOK-UHFFFAOYSA-N,2870824172409.3774
HILICZ_positive|IK:ACHDMUPTZYZIGR-CUHSZNQNSA-N,2857699199673.4326
C18_negative|IK:FBPFZTCFMRRESA-UHFFFAOYSA-N,2773595624425.409
HILICZ_positive|IK:RCFGIEPQSDGMJJ-UHFFFAOYSA-N,2667815107562.464
C18_positive|IK:OSZHSESNQIMXMZ-UHFFFAOYSA-N,2666346195183.1636
C18_positive|IK:SMUMBCREXHTKFN-VZOUQOBNSA-N,2660702101892.955
HILICZ_negative|IK:SBJKKFFYIZUCET-UHFFFAOYSA-N,2640314759601.21
C18_negative|IK:BJRNKVDFDLYUGJ-UHFFFAOYSA-N,2496191266396.158
C18_negative|IK:JXSVIVRDWWRQRT-UMCOSQRYSA-N,2470401176375.4287
HILICZ_negative|IK:DRTQHJPVMGBUCF-XVFCMESISA-N,2449814014092.5903
C18_positive|IK:OEYIOHPDSNJKLS-UHFFFAOYSA-N,2430209054826.424
C18_positive|IK:ZRGXCWYRIBRSQA-UHFFFAOYSA-N,2398636701126.398
HILICZ_negative|IK:GTZCVFVGUGFEME-UHFFFAOYSA-N,2391197662218.0527
C18_positive|IK:DDWYTNONBBOFFA-UHFFFAOYSA-N,2341715869385.762
C18_negative|IK:QGWDYPREORDRIT-UHFFFAOYSA-N,2315753376376.3115
C18_negative|IK:WQZGKKKJIJFFOK-DVKNGEFBSA-N,2304886954602.4683
C18_positive|IK:ORJDDOBAOGKRJV-UHFFFAOYSA-N,2304164880099.257
HILICZ_positive|IK:LGRFSURHDFAFJT-UHFFFAOYSA-N,2284348736452.059
C18_positive|IK:GFFGJBXGBJISGV-UHFFFAOYSA-N,2281425603774.2407
HILICZ_negative|IK:MUPFEKGTMRGPLJ-ZQSKZDJDSA-N,2246580563540.623
C18_positive|IK:ROJOJPXRGHLGTC-UHFFFAOYSA-N,2238161689750.9175
HILICZ_positive|IK:GXBVESSBUINHIO-UHFFFAOYSA-N,1999055762719.9136
HILICZ_positive|IK:MBNGWHIJMBWFHU-UHFFFAOYSA-N,1971146602144.2517
HILICZ_positive|IK:LZFOPEXOUVTGJS-UHFFFAOYSA-N,1948868308707.745
HILICZ_negative|IK:GFFGJBXGBJISGV-UHFFFAOYSA-N,1787904974294.7107
C18_positive|IK:VYXBNIDRQOAAHX-RQADFKIXSA-N,1739296684776.484
HILICZ_negative|IK:IPCSVZSSVZVIGE-UHFFFAOYSA-N,1718475635556.2114
C18_positive|IK:UVBLDLGZDSGCSN-MWOWFCOASA-N,1654644429271.336
HILICZ_negative|IK:FSYKKLYZXJSNPZ-UHFFFAOYSA-N,1613721513570.9229
C18_positive|IK:DANYIYRPLHHOCZ-UHFFFAOYSA-N,1536904356234.1484
C18_positive|IK:SDEUJZQQWGXEEM-UHFFFAOYSA-N,1511540464926.5005
HILICZ_negative|IK:JXOHGGNKMLTUBP-HSUXUTPPSA-N,1497464417295.9712
HILICZ_negative|IK:XGEYXJDOVMEJNG-UHFFFAOYSA-N,1496070131768.4597
C18_positive|IK:XPCTZQVDEJYUGT-UHFFFAOYSA-N,1457518995908.1238
C18_positive|IK:KLHSKTMVSOWVLD-UHFFFAOYSA-N,1447562024247.3362
C18_positive|IK:FVWJYYTZTCVBKE-UHFFFAOYSA-N,1402091839635.758
HILICZ_positive|IK:FTVWIRXFELQLPI-UHFFFAOYSA-N,1392221138055.1123
HILICZ_negative|IK:OFOBLEOULBTSOW-UHFFFAOYSA-N,1386791246711.395
HILICZ_positive|IK:KMOUJOKENFFTPU-UHFFFAOYSA-N,1366266610452.8364
C18_positive|IK:WKOLLVMJNQIZCI-UHFFFAOYSA-N,1341097168891.9702
C18_positive|IK:XGILAAMKEQUXLS-UHFFFAOYSA-N,1295345372323.372
C18_negative|IK:KMQUGCQVIDIVLT-CKNMYDPISA-N,1279656962891.6616
C18_positive|IK:HDTRYLNUVZCQOY-LIZSDCNHSA-N,1259503499745.7344
HILICZ_positive|IK:ZBUMLAXYOMYUCL-UHFFFAOYSA-N,1242063288636.333
C18_positive|IK:JHXAZBBVQSRKJR-BSZOFBHHSA-N,1233215248204.6057
C18_positive|IK:RGHMISIYKIHAJW-UHFFFAOYSA-N,1219428324681.0803
HILICZ_positive|IK:MRIXVKKOHPQOFK-UHFFFAOYSA-N,1200766234355.1128
C18_positive|IK:YWWVWXASSLXJHU-WAYWQWQTSA-N,1191107255794.9463
C18_positive|IK:CGZNTHDUAFIKOH-BMVMOQKNSA-N,1182251693073.0796
HILICZ_positive|IK:LJVMNMMAZVWXPY-UHFFFAOYSA-N,1132546799160.9219
C18_positive|IK:QGWDYPREORDRIT-UHFFFAOYSA-N,1125421426710.0217
C18_positive|IK:SZUJJDLBXJCDNT-UHFFFAOYSA-N,1120012907930.5273
HILICZ_negative|IK:RAFHNDRXYHOLSH-UHFFFAOYSA-N,1086812174633.692
HILICZ_negative|IK:OYHQOLUKZRVURQ-AVQMFFATSA-N,1075197057644.3601
HILICZ_negative|IK:CKLJMWTZIZZHCS-REOHCLBHSA-N,1072182975463.5581
HILICZ_negative|IK:AYFVYJQAPQTCCC-UHFFFAOYSA-N,1064714918906.8191
C18_negative|IK:XRVLGJCHUWXTDX-UHFFFAOYSA-N,1050622811648.6604
C18_negative|IK:YCIMNLLNPGFGHC-UHFFFAOYSA-N,1011090833703.2955
C18_negative|IK:GKAJCVFOJGXVIA-UHFFFAOYSA-N,1002736259647.7201
HILICZ_positive|IK:HBZNVZIRJWODIB-KPMVPPRFSA-N,982893097130.3264
C18_positive|IK:WEMJCDDYUBVWRB-UHFFFAOYSA-N,981618840128.3167
C18_positive|IK:MIJYXULNPSFWEK-UHFFFAOYSA-N,930685602274.4507
C18_negative|IK:BJHIKXHVCXFQLS-PQLUHFTBSA-N,927662815994.0541
C18_positive|IK:PDHAOJSHSJQANO-OWOJBTEDSA-N,919299851569.5962
HILICZ_negative|IK:CZOXIGOPZRIBJM-TZWBTVLISA-N,919038192305.3553
HILICZ_negative|IK:MRIXVKKOHPQOFK-UHFFFAOYSA-N,907625318282.6304
HILICZ_positive|IK:XPCTZQVDEJYUGT-UHFFFAOYSA-N,906020354695.3007
HILICZ_positive|IK:DRIVXEVMDWCWLI-CAQMIEAISA-N,886571460828.6769
HILICZ_negative|IK:JDNUVLAJLPVYNP-SWMGHYKJSA-N,866574199635.0544
HILICZ_negative|IK:JJMDCOVWQOJGCB-UHFFFAOYSA-N,865009231373.8423
HILICZ_negative|IK:AMKYESDOVDKZKV-UHFFFAOYSA-N,850397779078.1453
HILICZ_negative|IK:IHCCAYCGZOLTEU-UHFFFAOYSA-N,839139804644.0311
C18_positive|IK:OTKJDMGTUTTYMP-UHFFFAOYSA-N,793719483785.5007
HILICZ_positive|IK:WKGYQHYYELHOBX-UHFFFAOYSA-N,776558962785.4948
C18_positive|IK:CDVMOSRXPDTXBF-LKVSRFHLSA-N,761130263677.8309
C18_negative|IK:PFTAWBLQPZVEMU-UKRRQHHQSA-N,737945435783.3055
HILICZ_positive|IK:CGZNTHDUAFIKOH-BMVMOQKNSA-N,710324849193.7043
C18_positive|IK:QAIPRVGONGVQAS-UHFFFAOYSA-N,697144016816.3615
HILICZ_negative|IK:QIQXTHQIDYTFRH-UHFFFAOYSA-N,691250779494.8848
C18_positive|IK:YHGNXQAFNHCBTK-OWOJBTEDSA-N,690537680895.5204
C18_negative|IK:RGHHSNMVTDWUBI-UHFFFAOYSA-N,688971005153.688
C18_negative|IK:AKEUNCKRJATALU-UHFFFAOYSA-N,687629568983.6049
HILICZ_negative|IK:KPGXRSRHYNQIFN-UHFFFAOYSA-N,676531658667.3892
C18_positive|IK:JXSVIVRDWWRQRT-UHFFFAOYSA-N,672265157683.8573
C18_negative|IK:HDTRYLNUVZCQOY-LIZSDCNHSA-N,664244153103.295
HILICZ_negative|IK:BDJRBEYXGGNYIS-UHFFFAOYSA-N,656498327349.7157
HILICZ_negative|IK:CFJLERBDXYGARW-TVKJYDDYSA-N,656063533153.2284
C18_positive|IK:SOLWETWNPWWTPC-QPJJXVBHSA-N,654967224939.7374
C18_positive|IK:AERBNCYCJBRYDG-KSZLIROESA-N,654517494432.4397
HILICZ_negative|IK:LOIYMIARKYCTBW-UHFFFAOYSA-N,639524040013.5145
HILICZ_positive|IK:JHXAZBBVQSRKJR-BSZOFBHHSA-N,630317628726.832
C18_negative|IK:KDYFGRWQOYBRFD-UHFFFAOYSA-N,614914069177.1981
HILICZ_positive|IK:OZFDJYNLTZUREV-UHFFFAOYSA-N,605421006855.0093
C18_positive|IK:GUBGYTABKSRVRQ-QUYVBRFLSA-N,603874897697.0719
C18_negative|IK:CSGSKMJWQQEEQK-NHCPJIJJSA-N,599440896183.6333
C18_positive|IK:OXVUXGFZHDKYLS-YFIQRXMRSA-N,589683948287.2588
HILICZ_positive|IK:UQZIYBXSHAGNOE-XNSRJBNMSA-N,587583667607.052
HILICZ_negative|IK:UQZIYBXSHAGNOE-XNSRJBNMSA-N,567468284217.5435
C18_negative|IK:KQBFNIVRWYGXRN-QJMXJWGSSA-N,563394700501.0593
HILICZ_negative|IK:AEMOLEFTQBMNLQ-AQKNRBDQSA-N,559023863375.8582
C18_positive|IK:NNCVVPLZMBGDIK-FQABINTDSA-N,556906548137.8037
C18_positive|IK:ASWBNKHCZGQVJV-HSZRJFAPSA-N,553360773214.46
HILICZ_positive|IK:PHMGTWLYHMQYHV-KCUVMBNASA-N,542136479565.2955
HILICZ_negative|IK:XFTRTWQBIOMVPK-UHFFFAOYSA-N,535605447258.2271
HILICZ_negative|IK:PVNIIMVLHYAWGP-UHFFFAOYSA-N,523448945061.6024
C18_positive|IK:VPAOSFFTKWUGAD-TVKJYDDYSA-N,522702286368.2504
HILICZ_positive|IK:GAMYVSCDDLXAQW-UHFFFAOYSA-N,521643174019.28186
HILICZ_negative|IK:UYTPUPDQBNUYGX-UHFFFAOYSA-N,517337033937.6349
HILICZ_positive|IK:IYRMWMYZSQPJKC-UHFFFAOYSA-N,514766493613.0977
HILICZ_positive|IK:KMPAOJFBQSXEAI-UHFFFAOYSA-N,508790609811.37964
C18_negative|IK:PFTAWBLQPZVEMU-UHFFFAOYSA-N,485939904837.7627
HILICZ_positive|IK:ASWBNKHCZGQVJV-HSZRJFAPSA-N,485248732041.4564
HILICZ_positive|IK:NGFMICBWJRZIBI-UHFFFAOYSA-N,480450257883.81305
C18_negative|IK:BJEPYKJPYRNKOW-UWTATZPHSA-N,477331123140.609
HILICZ_positive|IK:AHYOMNWKYGMYMB-CIEFDVMPSA-N,474397088333.25555
HILICZ_negative|IK:HOVAGTYPODGVJG-VOQCIKJUSA-N,458960165232.7719
C18_positive|IK:PFTAWBLQPZVEMU-UHFFFAOYSA-N,457525457579.373
C18_positive|IK:GUBGYTABKSRVRQ-QRZGKKJRSA-N,443885154407.15027
HILICZ_negative|IK:LXVSANCQXSSLPA-UHFFFAOYSA-N,439016266250.4818
C18_negative|IK:FBPFZTCFMRRESA-KVTDHHQDSA-N,426726636018.4873
C18_positive|IK:MPDGHEJMBKOTSU-UHFFFAOYSA-N,420618207091.0671
C18_positive|IK:BJRNKVDFDLYUGJ-UHFFFAOYSA-N,417811631270.1227
HILICZ_negative|IK:LWYJCVVIVLBLID-UHFFFAOYSA-N,413313620605.4055
C18_positive|IK:ULSIYEODSMZIPX-UHFFFAOYSA-N,398584662744.81995
HILICZ_positive|IK:YKBGVTZYEHREMT-UHFFFAOYSA-N,389998720456.8774
C18_positive|IK:QIVBCDIJIAJPQS-UHFFFAOYSA-N,387229193086.34174
HILICZ_positive|IK:OYTCZOJKXCTBHG-UHFFFAOYSA-N,385573147828.81085
C18_positive|IK:LUZSWWYKKLTDHU-ZJHFMPGASA-N,380286853158.8158
C18_negative|IK:SQFSKOYWJBQGKQ-UHFFFAOYSA-N,374608149903.28644
C18_negative|IK:WLJVXDMOQOGPHL-UHFFFAOYSA-N,366601192854.6808
HILICZ_negative|IK:HNEGQIOMVPPMNR-IHWYPQMZSA-N,366109603059.33826
HILICZ_positive|IK:JLIDBLDQVAYHNE-UHFFFAOYSA-N,349917841135.66626
HILICZ_negative|IK:DGGOLFCPSUVVHX-UHFFFAOYSA-N,347286960748.6734
C18_positive|IK:OTBHHUPVCYLGQO-UHFFFAOYSA-N,342163046419.95593
C18_positive|IK:FBUBVLUPUDBFME-UHFFFAOYSA-N,335679413145.7054
HILICZ_negative|IK:CQLRUIIRRZYHHS-UHFFFAOYSA-N,323642504374.39215
C18_negative|IK:JVQYSWDUAOAHFM-UHFFFAOYSA-N,322737822119.453
HILICZ_negative|IK:GAMYVSCDDLXAQW-UHFFFAOYSA-N,317404536398.02484
HILICZ_negative|IK:IGMNYECMUMZDDF-UHFFFAOYSA-N,313715650732.35876
C18_negative|IK:RSKTWDAINBIMPD-MCVCZSGFSA-N,305877909161.87683
C18_positive|IK:MWAYRGBWOVHDDZ-UHFFFAOYSA-N,305583084469.3529
C18_negative|IK:AJFTWGKYXHISKT-UHFFFAOYSA-N,305032080559.86566
HILICZ_positive|IK:QJVXKWHHAMZTBY-GCPOEHJPSA-N,292674409947.0608
HILICZ_positive|IK:OVRNDRQMDRJTHS-ZTVVOAFPSA-N,290449999471.3351
C18_negative|IK:VZCYOOQTPOCHFL-UPHRSURJSA-N,287947869057.6513
C18_positive|IK:VXOZCESVZIRHCJ-LNSUSAKYSA-N,286522483770.5497
C18_positive|IK:MUPFEKGTMRGPLJ-ZQSKZDJDSA-N,283958540023.5533
C18_positive|IK:DJOJDHGQRNZXQQ-AWEZNQCLSA-N,283943560644.5154
C18_positive|IK:WNMAPNHXZFEFDI-UHFFFAOYSA-N,280532046669.7041
HILICZ_negative|IK:BIABMEZBCHDPBV-BEBVUIBBSA-N,277564082904.7084
C18_negative|IK:ODHCTXKNWHHXJC-UHFFFAOYSA-N,271059728180.76047
C18_positive|IK:NGSWKAQJJWESNS-UHFFFAOYSA-N,267281768250.36975
HILICZ_negative|IK:NGSWKAQJJWESNS-ZZXKWVIFSA-N,264842487221.48962
C18_positive|IK:HSEMFIZWXHQJAE-UHFFFAOYSA-N,255641480392.2197
C18_positive|IK:ZBUMLAXYOMYUCL-UHFFFAOYSA-N,252252708360.37097
HILICZ_negative|IK:UGQMRVRMYYASKQ-UHFFFAOYSA-N,251901665128.31253
C18_positive|IK:APODVSVTRILENH-UHFFFAOYSA-N,249545409265.7551
HILICZ_positive|IK:FSYKKLYZXJSNPZ-UHFFFAOYSA-N,244960263938.3968
C18_positive|IK:FMWJHXDPCQWVEJ-JVLSTEMRSA-N,243744844104.40347
HILICZ_negative|IK:HMUJXQRRKBLVOO-UHFFFAOYSA-N,242741173756.8529
HILICZ_positive|IK:QHZLMUACJMDIAE-UHFFFAOYSA-N,242695053162.11383
C18_positive|IK:YQILNNCHDIUIAD-UHFFFAOYSA-N,234619922861.76825
HILICZ_positive|IK:FLROYCKIIJCTDY-BFMVXSJESA-N,234036674490.03516
C18_negative|IK:BJRNKVDFDLYUGJ-RMPHRYRLSA-N,229047847422.21896
HILICZ_negative|IK:AXFYFNCPONWUHW-UHFFFAOYSA-N,225804566333.62048
HILICZ_negative|IK:XRVLGJCHUWXTDX-UHFFFAOYSA-N,225406955098.8862
C18_positive|IK:FQTLCLSUCSAZDY-UHFFFAOYSA-N,220974325428.99817
HILICZ_negative|IK:SECPZKHBENQXJG-BQYQJAHWSA-N,219694105517.13098
HILICZ_positive|IK:AUNGANRZJHBGPY-SCRDCRAPSA-N,218553420946.38654
HILICZ_negative|IK:SXZYCXMUPBBULW-SKNVOMKLSA-N,211771658502.50714
HILICZ_negative|IK:KKSDGJDHHZEWEP-SNAWJCMRSA-N,205188801686.7812
C18_positive|IK:JIVGSHFYXPRRSZ-UHFFFAOYSA-N,204528290590.89972
C18_negative|IK:HMUJXQRRKBLVOO-UHFFFAOYSA-N,202459148312.7366
HILICZ_negative|IK:IQFYYKKMVGJFEH-UHFFFAOYSA-N,198259755827.94806
C18_positive|IK:VOCGSQHKPZSIKB-UHFFFAOYSA-N,194800143856.30637
C18_positive|IK:MBIZFBDREVRUHY-UHFFFAOYSA-N,192394857302.96887
HILICZ_negative|IK:POJWUDADGALRAB-UHFFFAOYSA-N,190223025253.26416
C18_positive|IK:IERGURVELWCYAW-UHFFFAOYSA-N,189350717412.08606
C18_positive|IK:JZFSMVXQUWRSIW-UHFFFAOYSA-N,188973448529.35504
HILICZ_negative|IK:VZCYOOQTPOCHFL-UHFFFAOYSA-N,183930521621.90967
HILICZ_positive|IK:DANYIYRPLHHOCZ-UHFFFAOYSA-N,182768591604.9793
HILICZ_negative|IK:WLJVXDMOQOGPHL-UHFFFAOYSA-N,182430404843.26724
C18_negative|IK:WLCHQSHZHFLMJH-GAVPBTRYSA-N,180922893578.95392
C18_negative|IK:DANYIYRPLHHOCZ-UHFFFAOYSA-N,179060428216.62192
HILICZ_negative|IK:GYXGAEAOIFNGAE-UHFFFAOYSA-N,176505278541.2171
C18_positive|IK:JYFOSWJYZIVJPO-UHFFFAOYSA-N,170634961405.01364
C18_positive|IK:OZFIJBRLEXJLPY-CSKARUKUSA-N,169604144062.8283
HILICZ_positive|IK:KSEBMYQBYZTDHS-UHFFFAOYSA-N,165800097464.68027
C18_positive|IK:LZFOPEXOUVTGJS-UHFFFAOYSA-N,165323105447.27283
C18_positive|IK:GHOKWGTUZJEAQD-UHFFFAOYSA-N,162871050457.12595
C18_negative|IK:VCCRNZQBSJXYJD-UHFFFAOYSA-N,161805457329.04965
HILICZ_negative|IK:CZSKYBTXDJQXNC-ZFQONWCHSA-N,161795682443.54105
C18_positive|IK:YGSDEFSMJLZEOE-UHFFFAOYSA-N,156336332136.96796
C18_positive|IK:DKZBBWMURDFHNE-NSCUHMNNSA-N,156237950312.0657
HILICZ_positive|IK:ZEYHEAKUIGZSGI-UHFFFAOYSA-N,155665733507.7686
C18_positive|IK:KDYILQLPKVZDGB-UHFFFAOYSA-N,154365084470.1074
HILICZ_positive|IK:LISFMEBWQUVKPJ-UHFFFAOYSA-N,152432387538.08606
C18_negative|IK:QAIPRVGONGVQAS-UHFFFAOYSA-N,152190986943.75616
C18_positive|IK:GXBVESSBUINHIO-UHFFFAOYSA-N,149649955892.73196
C18_positive|IK:VZSGMNVXQXYFPI-UHFFFAOYSA-N,149024821891.5447
C18_negative|IK:UGAGPNKCDRTDHP-UHFFFAOYSA-N,148321102848.514
C18_positive|IK:KSEBMYQBYZTDHS-UHFFFAOYSA-N,146283140291.74603
C18_positive|IK:LGVFNUIOBMTGRA-GYZJEQCASA-N,145858264969.30502
C18_positive|IK:KJGPBYUQZLUKLL-UHFFFAOYSA-N,143412467302.29733
HILICZ_positive|IK:LOIYMIARKYCTBW-UHFFFAOYSA-N,141126471335.3665
C18_negative|IK:BDJRBEYXGGNYIS-UHFFFAOYSA-N,139320017938.55307
C18_positive|IK:LWYJCVVIVLBLID-UHFFFAOYSA-N,129993766451.0022
C18_negative|IK:AAWZDTNXLSGCEK-LNVDRNJUSA-N,128391674490.1298
C18_positive|IK:ISAKRJDGNUQOIC-UHFFFAOYSA-N,127243489512.16824
C18_negative|IK:LJCWONGJFPCTTL-ZETCQYMHSA-N,125994599510.16002
C18_negative|IK:FQFJIJMMCVBRBL-UHFFFAOYSA-N,125141278694.72496
HILICZ_negative|IK:WKOLLVMJNQIZCI-UHFFFAOYSA-N,121662402174.97874
C18_positive|IK:RJKFOVLPORLFTN-UHFFFAOYSA-N,120641374154.55785
C18_negative|IK:QQHJDPROMQRDLA-UHFFFAOYSA-N,117068050093.70425
HILICZ_negative|IK:LRFVTYWOQMYALW-UHFFFAOYSA-N,116478972771.71063
C18_positive|IK:AZYVCLJYWIHOAD-UHFFFAOYSA-N,109598285211.2577
HILICZ_positive|IK:SOLWETWNPWWTPC-QPJJXVBHSA-N,109595079178.66765
HILICZ_negative|IK:KKEYFWRCBNTPAC-UHFFFAOYSA-N,108535134515.7854
C18_positive|IK:VDVJGIYXDVPQLP-UHFFFAOYSA-N,107436666269.87465
C18_negative|IK:JIDXOGPQCVBGSC-BXUICYMCSA-N,107409444402.77737
C18_positive|IK:UWHCKJMYHZGTIT-UHFFFAOYSA-N,105158249552.71312
C18_negative|IK:ZJSJQWDXAYNLNS-XJUVHSKASA-N,104510452411.26183
HILICZ_positive|IK:GSEJCLTVZPLZKY-UHFFFAOYSA-N,102884495087.22946
C18_positive|IK:PUQSUZTXKPLAPR-UJPOAAIJSA-N,101755806712.88515
C18_positive|IK:RCMABBHQYMBYKV-UHFFFAOYSA-N,100918546628.06906
C18_positive|IK:COLNVLDHVKWLRT-UHFFFAOYSA-N,98247388095.4448
C18_positive|IK:KDNJTHIKZATBIB-HKIVJWRYSA-N,96686466550.13005
C18_negative|IK:FAQJJMHZNSSFSM-UHFFFAOYSA-N,95162493907.17697
HILICZ_negative|IK:ZQPPMHVWECSIRJ-KTKRTIGZSA-N,94967764694.7003
HILICZ_positive|IK:JCQLYHFGKNRPGE-FCVZTGTOSA-N,94950506405.79929
C18_positive|IK:PVNIIMVLHYAWGP-UHFFFAOYSA-N,94833519565.80368
C18_negative|IK:RYWDJUUPROVLNV-LXFHESFISA-N,94008646435.10287
C18_positive|IK:WSWCOQWTEOXDQX-UHFFFAOYSA-N,93425776328.24046
C18_negative|IK:FUQGIYDZGLORRC-UHFFFAOYSA-N,92721130398.90479
C18_negative|IK:BPSJMBKZSUTYNF-GXCUHXBUSA-N,91099395541.8562
C18_positive|IK:YBVIOLRRXMAGAE-UHFFFAOYSA-N,89696215177.16017
HILICZ_negative|IK:PHOQVHQSTUBQQK-SQOUGZDYSA-N,88722647109.54747
HILICZ_negative|IK:HFGSQOYIOKBQOW-RFMFWNHYSA-N,88097899345.01546
HILICZ_negative|IK:YVYMBNSKXOXSKW-HXUWFJFHSA-N,86508095384.42001
HILICZ_negative|IK:ODLVGCCGMXGMGZ-UHFFFAOYSA-N,85631727721.54036
C18_positive|IK:FQZORWOCAANBNC-UHFFFAOYSA-N,85172910881.08806
C18_negative|IK:MLSVKXQHUTYXHD-VIZOYTHASA-N,81772783003.3096
C18_positive|IK:KMOUJOKENFFTPU-UHFFFAOYSA-N,79623769182.09142
C18_negative|IK:MPDGHEJMBKOTSU-UHFFFAOYSA-N,79424712112.75351
C18_positive|IK:GYBMMZYCUFIKJQ-NHCPJIJJSA-N,78701855676.70331
C18_positive|IK:KWIUHFFTVRNATP-UHFFFAOYSA-N,78577868193.04573
HILICZ_positive|IK:FYGDTMLNYKFZSV-DZOUCCHMSA-N,78203621310.02425
HILICZ_negative|IK:CXQWRCVTCMQVQX-UHFFFAOYSA-N,77026275488.51228
HILICZ_positive|IK:YGSDEFSMJLZEOE-UHFFFAOYSA-N,76587741492.26508
C18_positive|IK:MRIXVKKOHPQOFK-UHFFFAOYSA-N,75810229452.15343
C18_negative|IK:KCOOTJRKKIDHTM-UHFFFAOYSA-N,75651462221.7012
C18_positive|IK:MSWZFWKMSRAUBD-IVMDWMLBSA-N,75448637289.42697
C18_negative|IK:DRTQHJPVMGBUCF-UHFFFAOYSA-N,75133392087.35422
C18_negative|IK:MUPFEKGTMRGPLJ-ZQSKZDJDSA-N,73933661726.28828
C18_positive|IK:LIVNOUBJFOXZOR-YMILTQATSA-N,73915326236.59187
C18_positive|IK:FQWZGEBZILOCET-QEQKPWIDSA-N,72846542140.23785
C18_positive|IK:BBZCPUCZKLTAJQ-UHFFFAOYSA-N,72204875347.82794
C18_negative|IK:DLIKSSGEMUFQOK-UHFFFAOYSA-N,71080308307.6515
C18_positive|IK:QWQGMMRHTWIOGH-UHFFFAOYSA-N,69480447226.18456
C18_negative|IK:GYXGAEAOIFNGAE-UHFFFAOYSA-N,66955850023.064224
HILICZ_negative|IK:ODNMTIVRLHXQTE-UHFFFAOYSA-N,66705044510.46059
C18_positive|IK:OIRDTQYFTABQOQ-KQYNXXCUSA-N,66233201002.60128
C18_positive|IK:OZFDJYNLTZUREV-UHFFFAOYSA-N,66126865689.18143
HILICZ_negative|IK:XJMMNTGIMDZPMU-UHFFFAOYSA-N,64945764173.18831
C18_positive|IK:FBUKMFOXMZRGRB-YFHOEESVSA-N,64938045412.08348
C18_positive|IK:AFDXODALSZRGIH-UHFFFAOYSA-N,64384981104.922035
C18_positive|IK:YIKVTTODIBALQN-UHFFFAOYSA-N,64339097346.458015
C18_negative|IK:WBYWAXJHAXSJNI-UHFFFAOYSA-N,62881685429.94836
C18_positive|IK:MECHNRXZTMCUDQ-UHFFFAOYSA-N,60861677472.42775
C18_positive|IK:LRQKBLKVPFOOQJ-YFKPBYRVSA-N,60680211516.585556
HILICZ_positive|IK:GOILPRCCOREWQE-UHFFFAOYSA-N,59670808010.14969
C18_positive|IK:NSNGIRMJTMEZBF-YJKZWKBDSA-N,59622993900.21027
HILICZ_negative|IK:SQVRNKJHWKZAKO-LUWBGTNYSA-N,58649228836.024704
HILICZ_negative|IK:KHQBUXVQVFVJTF-UHFFFAOYSA-N,57821109698.128105
C18_positive|IK:KDJVHSVOXOZBDR-UHFFFAOYSA-N,55994446395.60594
C18_negative|IK:OKVJCVWFVRATSG-UHFFFAOYSA-N,55847739365.258865
C18_positive|IK:GKAJCVFOJGXVIA-UHFFFAOYSA-N,54924516892.48601
C18_negative|IK:URFCJEUYXNAHFI-UHFFFAOYSA-N,53827042898.82792
C18_negative|IK:SJBWDSQCMPAGHA-UHFFFAOYSA-N,53734150248.47841
C18_negative|IK:AIONOLUJZLIMTK-UHFFFAOYSA-N,53527751655.71406
HILICZ_negative|IK:QZZGJDVWLFXDLK-UHFFFAOYSA-N,53475116714.56383
C18_positive|IK:DZRVGBRAMLSZDQ-HSMQXHTESA-N,50816918467.72607
C18_positive|IK:PRAUVHZJPXOEIF-UHFFFAOYSA-N,50278441731.670006
C18_negative|IK:CWVRJTMFETXNAD-UHFFFAOYSA-N,50129203079.48366
HILICZ_positive|IK:PADQINQHPQKXNL-LSDHHAIUSA-N,49991435081.377884
HILICZ_negative|IK:SBHXYTNGIZCORC-UHFFFAOYSA-N,49747516815.46807
C18_positive|IK:SIMPNXWTAVEOTO-RKQHYHRCSA-N,48647446938.83663
C18_positive|IK:ACQRUPZAAPLQQP-UHFFFAOYSA-N,47106823120.1046
HILICZ_negative|IK:OVRNDRQMDRJTHS-RTRLPJTCSA-N,46742206964.54892
C18_positive|IK:FTVWIRXFELQLPI-UHFFFAOYSA-N,46531185952.93858
HILICZ_negative|IK:DSNRWDQKZIEDDB-GCMPNPAFSA-N,46243320337.29497
C18_positive|IK:RWQNBRDOKXIBIV-UHFFFAOYSA-N,46053003596.49536
HILICZ_negative|IK:XNGIFLGASWRNHJ-UHFFFAOYSA-N,45482236218.191536
C18_positive|IK:SLXKOJJOQWFEFD-UHFFFAOYSA-N,45479099518.286575
C18_negative|IK:GHOKWGTUZJEAQD-UHFFFAOYSA-N,44416709581.46156
C18_positive|IK:DVLLGHPCJPEUHA-UHFFFAOYSA-N,43771825717.4161
HILICZ_positive|IK:IVQHJVPBXTXCBJ-UHFFFAOYSA-N,43090412707.82018
C18_negative|IK:IBGBGRVKPALMCQ-UHFFFAOYSA-N,42153040609.16028
C18_positive|IK:IWQNLEQMXRCTIL-UHFFFAOYSA-N,41798130476.65277
HILICZ_negative|IK:LOIYMIARKYCTBW-OWOJBTEDSA-N,41021084022.630196
C18_negative|IK:KKSDGJDHHZEWEP-SNAWJCMRSA-N,40958775057.190414
C18_positive|IK:AEPMKZIOUKHDOO-UHFFFAOYSA-N,40674288539.70891
C18_positive|IK:ZJSJQWDXAYNLNS-XJUVHSKASA-N,40264023080.56459
C18_positive|IK:PHMGTWLYHMQYHV-KCUVMBNASA-N,40229112330.492874
C18_negative|IK:FTVWIRXFELQLPI-ZDUSSCGKSA-N,39438282325.34472
C18_positive|IK:KQBFNIVRWYGXRN-QJMXJWGSSA-N,38563694132.27982
HILICZ_positive|IK:GUBGYTABKSRVRQ-TUTXPGRXSA-N,37681452213.020035
HILICZ_negative|IK:YEIQSAXUPKPPBN-UHFFFAOYSA-N,37021268739.67113
HILICZ_positive|IK:OVRNDRQMDRJTHS-RTRLPJTCSA-N,36935857686.95596
HILICZ_positive|IK:IPRIGHIBTRMTDP-UHFFFAOYSA-N,36897146491.773186
C18_positive|IK:IBMRTYCHDPMBFN-UHFFFAOYSA-N,35782069953.59483
C18_positive|IK:KSEBMYQBYZTDHS-HWKANZROSA-N,34786620891.06978
HILICZ_positive|IK:FRGQUTFBRMOBND-UHFFFAOYSA-N,34748399603.835106
C18_positive|IK:CRULJZWXPCYLAC-UHFFFAOYSA-N,34637010549.51009
C18_positive|IK:IAWGZKRQDHPFCZ-UHFFFAOYSA-N,33873410222.3865
C18_positive|IK:LJVMNMMAZVWXPY-UHFFFAOYSA-N,33032593443.26377
C18_positive|IK:CJBDUOMQLFKVQC-UHFFFAOYSA-N,32988883423.565876
HILICZ_negative|IK:PAZGBAOHGQRCBP-DDDNOICHSA-N,32174100995.14461
C18_positive|IK:QAIPRVGONGVQAS-DUXPYHPUSA-N,31870214033.980778
C18_negative|IK:WXTMDXOMEHJXQO-UHFFFAOYSA-N,30846634613.85096
C18_positive|IK:CSGSKMJWQQEEQK-NHCPJIJJSA-N,29701433783.190334
C18_positive|IK:LGRFSURHDFAFJT-UHFFFAOYSA-N,28435201073.715828
HILICZ_positive|IK:ZIIAJIWLQUVGHB-UHFFFAOYSA-N,27635396417.881065
HILICZ_negative|IK:MXHRCPNRJAMMIM-UHFFFAOYSA-N,26877435170.135647
C18_negative|IK:KZNIFHPLKGYRTM-UHFFFAOYSA-N,26793941834.8963
C18_positive|IK:SWYRVCGNMNAFEK-CLCVOTHJSA-N,26611975135.53347
C18_positive|IK:WTOYNNBCKUYIKC-UHFFFAOYSA-N,26610470778.05626
C18_negative|IK:NLDDIKRKFXEWBK-UHFFFAOYSA-N,26236365159.97088
C18_negative|IK:OPJZLUXFQFQYAI-UHFFFAOYSA-N,25590817625.995945
HILICZ_negative|IK:PFTAWBLQPZVEMU-UKRRQHHQSA-N,25537921032.987606
C18_positive|IK:SYVFGLXUEAXFAP-UHFFFAOYSA-N,25520737335.901924
C18_positive|IK:LLEMMFPELBNINR-SKYGPZSASA-N,25049422257.67759
HILICZ_positive|IK:ZBCBWPMODOFKDW-UHFFFAOYSA-N,24514379343.490303
C18_positive|IK:KZNIFHPLKGYRTM-UHFFFAOYSA-N,24335160286.456722
C18_positive|IK:WBYWAXJHAXSJNI-UHFFFAOYSA-N,24267358995.511738
C18_negative|IK:JVTAAEKCZFNVCJ-UHFFFAOYSA-N,24046900107.216694
C18_positive|IK:NDFUYJPVVCJYNZ-MVIFEUJBSA-N,23635200181.37028
C18_negative|IK:HPSWAEGGWLOOKT-OWOJBTEDSA-N,23417203238.007202
C18_positive|IK:RVMPLOSJMIQORE-XPDAHERZSA-N,23181071996.71099
HILICZ_negative|IK:PYMYPHUHKUWMLA-VPENINKCSA-N,23098419375.313187
C18_positive|IK:JORLYMGTWNNOMY-CRIIYPOOSA-N,23081818859.10842
HILICZ_negative|IK:ZWNLSRDFHQCTQW-UHFFFAOYSA-N,22920957368.04773
C18_negative|IK:IQFYYKKMVGJFEH-UHFFFAOYSA-N,22895711831.552742
C18_positive|IK:IMKJGXCIJJXALX-UHFFFAOYSA-N,22813174742.691044
HILICZ_positive|IK:WTJKGGKOPKCXLL-VYOBOKEXSA-N,22717034697.50095
C18_negative|IK:WHBMMWSBFZVSSR-GSVOUGTGSA-N,22634050408.07589
C18_negative|IK:XGEYXJDOVMEJNG-UHFFFAOYSA-N,22165409001.38759
C18_negative|IK:IVRQZYXJBVMHCW-OTCFHACESA-N,22080851312.670296
C18_negative|IK:XFZJEEAOWLFHDH-UKWJTHFESA-N,21833911658.83926
C18_positive|IK:RSKTWDAINBIMPD-MCVCZSGFSA-N,21679716641.919388
C18_positive|IK:STCOOQWBFONSKY-UHFFFAOYSA-N,20946946551.11296
C18_negative|IK:WCGUUGGRBIKTOS-GPOJBZKASA-N,20557026848.57634
HILICZ_negative|IK:ISAKRJDGNUQOIC-UHFFFAOYSA-N,20379127553.248863
C18_negative|IK:FEGXTMHRTZJSIG-MVXUSQBOSA-N,20120818652.37647
C18_positive|IK:ACHDMUPTZYZIGR-CUHSZNQNSA-N,20075023288.81121
C18_positive|IK:RTIXKCRFFJGDFG-UHFFFAOYSA-N,19627152901.62361
C18_positive|IK:RADKZDMFGJYCBB-UHFFFAOYSA-N,19514409265.933807
C18_positive|IK:WNLRTRBMVRJNCN-UHFFFAOYSA-N,19411789622.450638
C18_positive|IK:ORJDDOBAOGKRJV-CQSZACIVSA-N,19395398839.969948
C18_positive|IK:UIAFKZKHHVMJGS-UHFFFAOYSA-N,19063576375.94611
C18_negative|IK:ZWNLSRDFHQCTQW-UHFFFAOYSA-N,18862157842.344124
C18_positive|IK:WYEPBHZLDUPIOD-UHFFFAOYSA-N,18849493228.633163
C18_negative|IK:ZHDJHNSKUYZDCF-UHFFFAOYSA-N,18628055962.483086
C18_positive|IK:GEWDNTWNSAZUDX-UHFFFAOYSA-N,18467159128.373924
HILICZ_negative|IK:UKMSUNONTOPOIO-UHFFFAOYSA-N,18186764046.194687
C18_positive|IK:WQZGKKKJIJFFOK-QTVWNMPRSA-N,18041954790.32413
C18_negative|IK:HFGSQOYIOKBQOW-RFMFWNHYSA-N,17893306484.942905
C18_positive|IK:GQEOLYBERRZZCE-UHFFFAOYSA-N,17795496400.580242
C18_positive|IK:VRHZMFGDDGFRLP-UHFFFAOYSA-N,17223331167.373047
C18_negative|IK:WSWCOQWTEOXDQX-MQQKCMAXSA-N,17213893683.372
HILICZ_negative|IK:IQFYYKKMVGJFEH-XLPZGREQSA-N,16425194538.12314
C18_negative|IK:LTSJJOKAWSCMBC-UHFFFAOYSA-N,15992396237.987255
C18_positive|IK:CWOFGGNDZOPNFG-UHFFFAOYSA-N,15918220398.544044
C18_positive|IK:NVQGQHXFWUBOAU-KTKRTIGZSA-N,15865994966.4689
C18_negative|IK:FTVWIRXFELQLPI-UHFFFAOYSA-N,15714818570.174316
C18_positive|IK:NNKKJSANGUCFHH-UHFFFAOYSA-N,15525028556.069847
C18_positive|IK:CCRCUPLGCSFEDV-BQYQJAHWSA-N,15414754357.762566
C18_positive|IK:XVTXMBZTDMASHY-JCHUFIKGSA-N,15198122434.686758
C18_negative|IK:XJMYUPJDAFKICJ-SEAQMCRASA-N,14552166996.547768
C18_negative|IK:QGJZLNKBHJESQX-UHFFFAOYSA-N,14029863872.800507
C18_positive|IK:HBFCVDJQUPEEIC-MRXNPFEDSA-N,13831726479.48067
C18_positive|IK:JJMDCOVWQOJGCB-UHFFFAOYSA-N,13501396425.290806
C18_negative|IK:NGSWKAQJJWESNS-ZZXKWVIFSA-N,13498454237.316402
C18_positive|IK:RMSKZOXJAHOIER-GGKKSNITSA-N,12832539443.20919
C18_positive|IK:MJMMUATWVTYSFD-YDFGWWAZSA-N,12801142532.730715
C18_negative|IK:CUCUKLJLRRAKFN-UHFFFAOYSA-N,12065224326.00296
C18_positive|IK:ZJDOESGVOWAULF-OGJQONSISA-N,11922368635.781908
HILICZ_positive|IK:BZORFPDSXLZWJF-UHFFFAOYSA-N,11868336444.555864
C18_negative|IK:LKDRXBCSQODPBY-JDJSBBGDSA-N,11728031627.567003
C18_positive|IK:SPWHQAUMLDQOFU-LWZOEEAQSA-N,11145347695.641253
C18_positive|IK:URFCJEUYXNAHFI-UHFFFAOYSA-N,11115645890.836447
C18_positive|IK:WGNDRSIKIXVFLD-HXYHFMIISA-N,10871402204.481548
C18_positive|IK:LHVOTBCQBLBMAB-UHFFFAOYSA-N,10706294290.679665
C18_positive|IK:IBLKWZIFZMJLFL-UHFFFAOYSA-N,10602360362.996937
C18_positive|IK:GMBQZIIUCVWOCD-UHFFFAOYSA-N,10250405693.785164
C18_positive|IK:ZQPPMHVWECSIRJ-UHFFFAOYSA-N,10115996899.689262
C18_positive|IK:OVASVJPBDPJABT-UHFFFAOYSA-N,9878166419.95802
C18_positive|IK:JVOQYXVFJHETKK-RKQHYHRCSA-N,9863290706.27354
C18_positive|IK:PQBNFWAEWSZZOB-UHFFFAOYSA-N,9592820840.881233
C18_negative|IK:CQSLTKIXAJTQGA-FLIBITNWSA-N,9366261104.945675
C18_positive|IK:HXQHFNIKBKZGRP-URPRIDOGSA-N,9017794552.563858
C18_positive|IK:IPRIGHIBTRMTDP-UHFFFAOYSA-N,8735572108.184826
C18_positive|IK:KVWWIYGFBYDJQC-UHFFFAOYSA-N,8582433144.429327
C18_positive|IK:PRYIJAGAEJZDBO-ZEQHCUNVSA-N,8547632775.696006
C18_positive|IK:BSSIFJHEGYUPRJ-HNCKFYPBSA-N,8483927490.5272875
C18_negative|IK:FFDULTAFAQRACT-XKBSQSBASA-N,8006515815.984024
C18_positive|IK:GKJZMAHZJGSBKD-NMMTYZSQSA-N,7793895226.473229
C18_negative|IK:BAHHZVVNFAOLAZ-UHFFFAOYSA-N,7606059773.873881
C18_positive|IK:JBYXPOFIGCOSSB-UHFFFAOYSA-N,7301128968.209591
C18_positive|IK:WECGLUPZRHILCT-HZJYTTRNSA-N,7295999122.177715
C18_negative|IK:RJWJHRPNHPHBRN-UHFFFAOYSA-N,7235623985.291469
C18_positive|IK:QKQLSQLKXBHUSO-UHFFFAOYSA-N,7128072818.602503
C18_positive|IK:QKRNXYDUTFTSBG-NVNXTCNLSA-N,7111008888.3482685
C18_negative|IK:CDRPUGZCRXZLFL-UHFFFAOYSA-N,7076971267.383665
C18_positive|IK:OLXZPDWKRNYJJZ-UHFFFAOYSA-N,6892686504.649887
C18_positive|IK:KYVUMEGNMQDSHO-ISEXSMSQSA-N,6885499713.580499
C18_negative|IK:DYHOLQACRGJEHX-UHFFFAOYSA-N,6840514510.766193
C18_positive|IK:NNPPLRJHBQPBAQ-UKRBZAIKSA-N,6391715089.773412
C18_positive|IK:WEKCEGQSIIQPAQ-IRBNZIFYSA-N,6114439754.890357
C18_negative|IK:RTIXKCRFFJGDFG-UHFFFAOYSA-N,5981030264.152656
HILICZ_negative|IK:XEZVDURJDFGERA-UHFFFAOYSA-N,5932924083.832164
C18_positive|IK:OKUGUNDXBGUFPA-OCGSKHJZSA-N,5871853220.813993
C18_negative|IK:YVYMBNSKXOXSKW-HXUWFJFHSA-N,5788290424.50878
C18_positive|IK:GUMFPOIJOXLCLA-JKSUJKDBSA-N,5523151995.71016
C18_negative|IK:GLDQAMYCGOIJDV-UHFFFAOYSA-N,5504101419.951954
C18_positive|IK:APQFDHZCDLNMLA-APACUCGBSA-N,5493086586.6488085
C18_positive|IK:QYARGOCFMSDSQR-UHFFFAOYSA-N,5468152546.950956
C18_negative|IK:GAMYVSCDDLXAQW-UHFFFAOYSA-N,5370897103.9299965
C18_negative|IK:CFJLERBDXYGARW-TVKJYDDYSA-N,5364448255.897184
C18_positive|IK:DXNCZXXFRKPEPY-UHFFFAOYSA-N,5316280979.905519
C18_positive|IK:OEUWSFOOMITSHN-UHFFFAOYSA-N,5255147012.232171
C18_positive|IK:KQXDGUVSAAQARU-HZJYTTRNSA-N,5062909860.851264
C18_negative|IK:FQWZGEBZILOCET-BJGSYIFTSA-N,5060445991.08772
C18_positive|IK:AXYJXSKPTBZVAC-UHFFFAOYSA-N,4985149603.510632
C18_positive|IK:FYGDTMLNYKFZSV-DZOUCCHMSA-N,4953848030.360951
HILICZ_negative|IK:ZHDJHNSKUYZDCF-UHFFFAOYSA-N,4934873519.099684
HILICZ_positive|IK:XOMRRQXKHMYMOC-UHFFFAOYSA-N,4877936756.244299
C18_positive|IK:WTLBZVNBAKMVDP-UHFFFAOYSA-N,4806702648.604621
C18_positive|IK:QUOZWMJFTQUXON-UXXRCYHCSA-N,4676872101.893169
C18_positive|IK:OLXZPDWKRNYJJZ-RRKCRQDMSA-N,4567593700.232784
C18_positive|IK:RYWDJUUPROVLNV-LXFHESFISA-N,4520068330.853176
C18_positive|IK:IRZVHDLBAYNPCT-UHFFFAOYSA-N,4409250280.4276705
C18_negative|IK:CZOXIGOPZRIBJM-TZWBTVLISA-N,4391162947.150229
HILICZ_negative|IK:VGONTNSXDCQUGY-RRKCRQDMSA-N,4375356777.860219
C18_negative|IK:RLCWEUBIDIWNEA-JACXBSBZSA-N,4267754019.616094
C18_positive|IK:IIRDTKBZINWQAW-UHFFFAOYSA-N,4147700334.3960705
C18_negative|IK:HJBUYKZTEBZNSH-UHFFFAOYSA-N,4140459380.23453
C18_negative|IK:OCNYGKNIVPVPPX-UHFFFAOYSA-N,4118236253.8981094
C18_negative|IK:CKEXCBVNKRHAMX-UHFFFAOYSA-N,4115457905.81141
C18_positive|IK:OILXMJHPFNGGTO-ZAUYPBDWSA-N,4007706356.010036
C18_negative|IK:ABVDJKDAAWCYKH-PNJCVKMMSA-N,3843525073.6726017
C18_positive|IK:LUADJIBUFOIMNV-UHFFFAOYSA-N,3832930399.0484943
C18_negative|IK:DRTQHJPVMGBUCF-XVFCMESISA-N,3781463842.0679045
C18_positive|IK:RYEFFICCPKWYML-UHFFFAOYSA-N,3619500913.0292835
C18_positive|IK:SAOKZLXYCUGLFA-UHFFFAOYSA-N,3564600960.1371393
C18_positive|IK:QEGXBXBKQLQOHP-HSZKHKTISA-N,3560811852.5512195
C18_positive|IK:SXOPCLUOUFQBJV-UHFFFAOYSA-N,3425853077.5803294
C18_positive|IK:COBPKKZHLDDMTB-UHFFFAOYSA-N,3216849607.464821
C18_positive|IK:JLIDBLDQVAYHNE-YKALOCIXSA-N,3210509070.5801077
C18_positive|IK:QPVGQZZKAUMQSM-BJMVGYQFSA-N,2860064505.298256
C18_negative|IK:WEHFIEZHFRETHH-ZHACJKMWSA-N,2778861980.3606334
C18_positive|IK:LVGKNOAMLMIIKO-QXMHVHEDSA-N,2614961220.0167284
C18_positive|IK:QKJALQPLNMEDAV-UHFFFAOYSA-N,2595893164.3306932
C18_positive|IK:NZKLGQRMNDHSPV-UHFFFAOYSA-N,2588833900.1494374
C18_negative|IK:MQSXZQXHIJMNAF-UHFFFAOYSA-N,2569472466.980566
C18_positive|IK:OUBDJJFZUQGQLU-ZHFYLPRNSA-N,2553121688.9653277
C18_positive|IK:IQFYYKKMVGJFEH-UHFFFAOYSA-N,2482160423.798475
C18_positive|IK:RZRNAYUHWVFMIP-UHFFFAOYSA-N,2475905514.350168
C18_negative|IK:GYUCMTKUEQLBJW-UHFFFAOYSA-N,2437897003.9382567
C18_negative|IK:WUADCCWRTIWANL-UHFFFAOYSA-N,2356850487.008099
C18_negative|IK:IVKGLRZLTNXWKF-VAWYXSNFSA-N,2342446965.799892
C18_positive|IK:ARFRWVLNDNZOTL-UHFFFAOYSA-N,2173551132.964503
C18_positive|IK:BJQHLKABXJIVAM-UHFFFAOYSA-N,2094620578.0516586
C18_negative|IK:YHGNXQAFNHCBTK-OWOJBTEDSA-N,2066377025.5228803
C18_positive|IK:WLPPIQFQOIOZAI-UHFFFAOYSA-N,1981675370.2082205
C18_negative|IK:GUNGQVJAKLIYDG-JXMROGBWSA-N,1792301975.834904
HILICZ_negative|IK:YDTWOEYVDRKKCR-KNERPIHHSA-N,1780699889.6305633
C18_positive|IK:GSRPBBFLBACVKY-AJWNXJQWSA-N,1746394549.92348
C18_positive|IK:YRARGBWFOYODHQ-KHTUMDHASA-N,1716202220.1008573
C18_positive|IK:RZRNAYUHWVFMIP-MDZDMXLPSA-N,1688310245.3540003
C18_negative|IK:TYFQFVWCELRYAO-UHFFFAOYSA-N,1567183969.6373544
C18_positive|IK:HMUJXQRRKBLVOO-AWEZNQCLSA-N,1550449776.4792492
C18_negative|IK:WBYWAXJHAXSJNI-VOTSOKGWSA-N,1475728762.7014909
C18_positive|IK:FIQMHBFVRAXMOP-UHFFFAOYSA-N,1461872737.061469
C18_negative|IK:PRAUVHZJPXOEIF-UHFFFAOYSA-N,1377694170.4348323
C18_negative|IK:DJOJDHGQRNZXQQ-UHFFFAOYSA-N,1338603507.0563698
C18_positive|IK:OYTCTPHTVUEGCL-GCPOEHJPSA-N,1297797385.6491537
C18_negative|IK:OLNJUISKUQQNIM-UHFFFAOYSA-N,1017963757.8817071
C18_positive|IK:UNBMQQNYLCPCHS-UHFFFAOYSA-N,905651424.1694595
C18_positive|IK:RBEJCQPPFCKTRZ-LHMZYYNSSA-N,853764642.9129484
C18_negative|IK:BLUAFEHZUWYNDE-DCJAHCNHSA-N,806371954.6871918
C18_positive|IK:IPQOBEBHJDIMQR-UHFFFAOYSA-N,756626011.343177
C18_positive|IK:NPRJSFWNFTXXQC-UHFFFAOYSA-N,739532078.6562519
C18_negative|IK:GEYBMYRBIABFTA-UHFFFAOYSA-N,734191672.7993166
C18_positive|IK:MCHQEVJMCLOQAZ-AKMRJOLWSA-N,610839129.8026608
C18_negative|IK:PVWALMCXZUMCBB-UHFFFAOYSA-N,561727780.5518031
C18_positive|IK:OYTCZOJKXCTBHG-UHFFFAOYSA-N,484878045.37331146
C18_negative|IK:NGSWKAQJJWESNS-UHFFFAOYSA-N,385654367.4382606
HILICZ_negative|IK:CAOMCZAIALVUPA-UHFFFAOYSA-N,338079386.9398044
C18_positive|IK:AQRQHYITOOVBTO-UHFFFAOYSA-N,315930311.55110765
C18_negative|IK:IRZVHDLBAYNPCT-UHFFFAOYSA-N,189881360.60914686
C18_negative|IK:MFQIWHVVFBCURA-LKBAIHPRSA-N,188737490.39424175
C18_positive|IK:IJKRDVKGCQRKBI-UHFFFAOYSA-N,141889644.23163563
C18_positive|IK:XDEIKTUBWBCMDT-UHFFFAOYSA-N,141632220.00755244
